@File,Photographer
/Users/pten/Development/coaching-workplace-cards/images/karen-lau-653956-unsplash.jpg,karen lau
/Users/pten/Development/coaching-workplace-cards/images/rawpixel-247360-unsplash.jpg,rawpixel
/Users/pten/Development/coaching-workplace-cards/images/dan-calderwood-650085-unsplash.jpg,dan calderwood
/Users/pten/Development/coaching-workplace-cards/images/rawpixel-550994-unsplash.jpg,rawpixel
/Users/pten/Development/coaching-workplace-cards/images/drew-beamer-679505-unsplash.jpg,drew beamer
/Users/pten/Development/coaching-workplace-cards/images/bram-naus-200967-unsplash.jpg,bram naus
/Users/pten/Development/coaching-workplace-cards/images/nathan-dumlao-566564-unsplash.jpg,nathan dumlao
/Users/pten/Development/coaching-workplace-cards/images/mikhail-derecha-619760-unsplash.jpg,mikhail derecha
/Users/pten/Development/coaching-workplace-cards/images/nastuh-abootalebi-284882-unsplash.jpg,nastuh abootalebi
/Users/pten/Development/coaching-workplace-cards/images/annie-spratt-608001-unsplash.jpg,annie spratt
/Users/pten/Development/coaching-workplace-cards/images/rlnkml.jpg,unknown
/Users/pten/Development/coaching-workplace-cards/images/hermes-rivera-471868-unsplash.jpg,hermes rivera
/Users/pten/Development/coaching-workplace-cards/images/helena-lopes-633154-unsplash.jpg,helena lopes
/Users/pten/Development/coaching-workplace-cards/images/annie-spratt-439326-unsplash.jpg,annie spratt
/Users/pten/Development/coaching-workplace-cards/images/rawpixel-668353-unsplash.jpg,rawpixel
/Users/pten/Development/coaching-workplace-cards/images/jeshoots-com-219386-unsplash.jpg,jeshoots com
/Users/pten/Development/coaching-workplace-cards/images/rawpixel-1065679-unsplash.jpg,rawpixel
/Users/pten/Development/coaching-workplace-cards/images/rawpixel-790896-unsplash.jpg,rawpixel
/Users/pten/Development/coaching-workplace-cards/images/mimi-thian-737711-unsplash.jpg,mimi thian
/Users/pten/Development/coaching-workplace-cards/images/rawpixel-567016-unsplash.jpg,rawpixel
/Users/pten/Development/coaching-workplace-cards/images/toa-heftiba-134238-unsplash.jpg,toa heftiba
/Users/pten/Development/coaching-workplace-cards/images/chuttersnap-458798-unsplash.jpg,chuttersnap
/Users/pten/Development/coaching-workplace-cards/images/nikita-ignatev-595861-unsplash.jpg,nikita ignatev
/Users/pten/Development/coaching-workplace-cards/images/annie-spratt-294450-unsplash.jpg,annie spratt
/Users/pten/Development/coaching-workplace-cards/images/mia-baker-359838-unsplash.jpg,mia baker
/Users/pten/Development/coaching-workplace-cards/images/vladimir-kudinov-58771-unsplash.jpg,vladimir kudinov
/Users/pten/Development/coaching-workplace-cards/images/rawpixel-684806-unsplash.jpg,rawpixel
/Users/pten/Development/coaching-workplace-cards/images/rawpixel-323215-unsplash.jpg,rawpixel
/Users/pten/Development/coaching-workplace-cards/images/sean-pollock-203658-unsplash.jpg,sean pollock
/Users/pten/Development/coaching-workplace-cards/images/thaddaeus-lim-40018-unsplash.jpg,thaddaeus lim
